ts,name,x,y,z
6354.4,right_thumb,0.548316,0.502898,-0.065469
6354.4,right_index,0.535366,0.271987,-0.080974
6354.4,right_middle,0.594848,0.156578,-0.089396
6354.4,right_ring,0.668801,0.145816,-0.106042
6354.4,right_pinky,0.803408,0.193015,-0.112420
6371,right_thumb,0.548096,0.502970,-0.065485
6371,right_index,0.534943,0.272007,-0.080980
6371,right_middle,0.594576,0.156542,-0.089427
6371,right_ring,0.668621,0.145789,-0.106099
6371,right_pinky,0.803310,0.193166,-0.112463
6396,right_thumb,0.547713,0.503334,-0.065438
6396,right_index,0.534336,0.272067,-0.080907
6396,right_middle,0.594125,0.156446,-0.089386
6396,right_ring,0.668328,0.145603,-0.106113
6396,right_pinky,0.803166,0.193098,-0.112527
6412.7,right_thumb,0.547460,0.503451,-0.065640
6412.7,right_index,0.533852,0.272188,-0.081148
6412.7,right_middle,0.593806,0.156456,-0.089634
6412.7,right_ring,0.668106,0.145605,-0.106346
6412.7,right_pinky,0.803033,0.193291,-0.112695
6429.3,right_thumb,0.547031,0.503718,-0.065763
6429.3,right_index,0.533405,0.272297,-0.081309
6429.3,right_middle,0.593434,0.156472,-0.089797
6429.3,right_ring,0.667848,0.145523,-0.106531
6429.3,right_pinky,0.802889,0.193312,-0.112907
6446,right_thumb,0.546677,0.503965,-0.065925
6446,right_index,0.532884,0.272437,-0.081484
6446,right_middle,0.592935,0.156524,-0.090021
6446,right_ring,0.667436,0.145537,-0.106783
6446,right_pinky,0.802678,0.193503,-0.113116
6470.4,right_thumb,0.546055,0.504495,-0.066178
6470.4,right_index,0.532236,0.272677,-0.081754
6470.4,right_middle,0.592338,0.156560,-0.090286
6470.4,right_ring,0.666877,0.145574,-0.107055
6470.4,right_pinky,0.802364,0.193685,-0.113414
6487.6,right_thumb,0.545629,0.504762,-0.066205
6487.6,right_index,0.531701,0.272768,-0.081759
6487.6,right_middle,0.591772,0.156661,-0.090354
6487.6,right_ring,0.666345,0.145647,-0.107177
6487.6,right_pinky,0.802076,0.193923,-0.113514
6504.3,right_thumb,0.545222,0.505103,-0.066195
6504.3,right_index,0.531178,0.272940,-0.081753
6504.3,right_middle,0.591275,0.156717,-0.090393
6504.3,right_ring,0.665884,0.145715,-0.107270
6504.3,right_pinky,0.801803,0.194056,-0.113641
6520.9,right_thumb,0.544820,0.505574,-0.066309
6520.9,right_index,0.530613,0.273100,-0.081935
6520.9,right_middle,0.590644,0.156812,-0.090596
6520.9,right_ring,0.665381,0.145783,-0.107493
6520.9,right_pinky,0.801467,0.194340,-0.113780
6546.1,right_thumb,0.544271,0.506179,-0.066373
6546.1,right_index,0.529908,0.273351,-0.082046
6546.1,right_middle,0.589909,0.157060,-0.090767
6546.1,right_ring,0.664639,0.145993,-0.107714
6546.1,right_pinky,0.800954,0.194893,-0.113980
6562.7,right_thumb,0.543897,0.506548,-0.066375
6562.7,right_index,0.529477,0.273523,-0.082061
6562.7,right_middle,0.589446,0.157225,-0.090883
6562.7,right_ring,0.664180,0.146136,-0.107901
6562.7,right_pinky,0.800618,0.195152,-0.114189
6579.4,right_thumb,0.543462,0.506971,-0.066379
6579.4,right_index,0.528953,0.273823,-0.082112
6579.4,right_middle,0.588939,0.157459,-0.090957
6579.4,right_ring,0.663657,0.146307,-0.108031
6579.4,right_pinky,0.800207,0.195475,-0.114312
6596.1,right_thumb,0.543038,0.507379,-0.066397
6596.1,right_index,0.528461,0.274077,-0.082169
6596.1,right_middle,0.588455,0.157668,-0.091025
6596.1,right_ring,0.663151,0.146441,-0.108148
6596.1,right_pinky,0.799798,0.195731,-0.114408
6612.3,right_thumb,0.542545,0.507747,-0.066327
6612.3,right_index,0.528025,0.274281,-0.082096
6612.3,right_middle,0.587883,0.157978,-0.090999
6612.3,right_ring,0.662417,0.146777,-0.108188
6612.3,right_pinky,0.799061,0.195982,-0.114472
6629.3,right_thumb,0.542155,0.508048,-0.066181
6629.3,right_index,0.527514,0.274600,-0.081979
6629.3,right_middle,0.587361,0.158256,-0.090879
6629.3,right_ring,0.661745,0.147060,-0.108085
6629.3,right_pinky,0.798552,0.196323,-0.114439
6646,right_thumb,0.541650,0.508556,-0.066079
6646,right_index,0.527144,0.274808,-0.081915
6646,right_middle,0.586715,0.158597,-0.090934
6646,right_ring,0.660916,0.147551,-0.108218
6646,right_pinky,0.797793,0.196756,-0.114592
6662.6,right_thumb,0.541132,0.508899,-0.065960
6662.6,right_index,0.526665,0.275098,-0.081815
6662.6,right_middle,0.586158,0.158926,-0.090859
6662.6,right_ring,0.660241,0.147934,-0.108181
6662.6,right_pinky,0.797093,0.197249,-0.114591
6687.7,right_thumb,0.540334,0.509568,-0.065685
6687.7,right_index,0.525849,0.275694,-0.081545
6687.7,right_middle,0.585092,0.159435,-0.090704
6687.7,right_ring,0.658857,0.148633,-0.108139
6687.7,right_pinky,0.795840,0.197769,-0.114576
6704.3,right_thumb,0.539834,0.510115,-0.065422
6704.3,right_index,0.525229,0.276220,-0.081282
6704.3,right_middle,0.584574,0.159739,-0.090419
6704.3,right_ring,0.658133,0.148981,-0.107889
6704.3,right_pinky,0.795086,0.198290,-0.114382
6721,right_thumb,0.539149,0.510632,-0.065322
6721,right_index,0.524705,0.276563,-0.081121
6721,right_middle,0.583869,0.160160,-0.090350
6721,right_ring,0.657225,0.149483,-0.107900
6721,right_pinky,0.794362,0.198694,-0.114424
6737,right_thumb,0.538601,0.511330,-0.065320
6737,right_index,0.524040,0.277141,-0.081109
6737,right_middle,0.583193,0.160629,-0.090297
6737,right_ring,0.656361,0.149956,-0.107864
6737,right_pinky,0.793370,0.199355,-0.114454
6754.4,right_thumb,0.538059,0.511950,-0.065351
6754.4,right_index,0.523253,0.277680,-0.081053
6754.4,right_middle,0.582482,0.161039,-0.090174
6754.4,right_ring,0.655634,0.150423,-0.107707
6754.4,right_pinky,0.792488,0.200155,-0.114341
6779.3,right_thumb,0.537081,0.512766,-0.065304
6779.3,right_index,0.522186,0.278637,-0.080998
6779.3,right_middle,0.581502,0.161792,-0.090032
6779.3,right_ring,0.654604,0.151129,-0.107545
6779.3,right_pinky,0.791168,0.200962,-0.114245
6796,right_thumb,0.536468,0.513247,-0.065185
6796,right_index,0.521444,0.279259,-0.080858
6796,right_middle,0.580853,0.162257,-0.089841
6796,right_ring,0.653954,0.151479,-0.107371
6796,right_pinky,0.790421,0.201549,-0.114123
6812,right_thumb,0.535937,0.513790,-0.065081
6812,right_index,0.520676,0.279814,-0.080721
6812,right_middle,0.580310,0.162645,-0.089698
6812,right_ring,0.653418,0.151883,-0.107228
6812,right_pinky,0.789630,0.202108,-0.114035
6829.1,right_thumb,0.535381,0.514333,-0.064913
6829.1,right_index,0.519911,0.280367,-0.080527
6829.1,right_middle,0.579789,0.163029,-0.089513
6829.1,right_ring,0.652868,0.152278,-0.107061
6829.1,right_pinky,0.788858,0.202630,-0.113930
6854.4,right_thumb,0.534671,0.514962,-0.064827
6854.4,right_index,0.519079,0.280939,-0.080480
6854.4,right_middle,0.579157,0.163425,-0.089473
6854.4,right_ring,0.652214,0.152717,-0.106998
6854.4,right_pinky,0.787890,0.203370,-0.113926
6870.5,right_thumb,0.534276,0.515301,-0.064727
6870.5,right_index,0.518537,0.281329,-0.080408
6870.5,right_middle,0.578839,0.163710,-0.089409
6870.5,right_ring,0.651890,0.152960,-0.106931
6870.5,right_pinky,0.787317,0.203764,-0.113910
6887.6,right_thumb,0.533913,0.515576,-0.064571
6887.6,right_index,0.518136,0.281641,-0.080286
6887.6,right_middle,0.578506,0.163933,-0.089276
6887.6,right_ring,0.651536,0.153239,-0.106816
6887.6,right_pinky,0.786674,0.204144,-0.113869
6904.3,right_thumb,0.533567,0.515816,-0.064511
6904.3,right_index,0.517836,0.281831,-0.080231
6904.3,right_middle,0.578247,0.164173,-0.089233
6904.3,right_ring,0.651241,0.153476,-0.106768
6904.3,right_pinky,0.786112,0.204522,-0.113849
6921.1,right_thumb,0.533311,0.515953,-0.064503
6921.1,right_index,0.517585,0.282137,-0.080217
6921.1,right_middle,0.578054,0.164500,-0.089215
6921.1,right_ring,0.650937,0.153809,-0.106730
6921.1,right_pinky,0.785570,0.204837,-0.113851
6945.7,right_thumb,0.533041,0.516252,-0.064299
6945.7,right_index,0.517197,0.282509,-0.080066
6945.7,right_middle,0.577838,0.164857,-0.089001
6945.7,right_ring,0.650464,0.154225,-0.106547
6945.7,right_pinky,0.784996,0.205150,-0.113738
6962.7,right_thumb,0.532869,0.516456,-0.064272
6962.7,right_index,0.517002,0.282707,-0.080077
6962.7,right_middle,0.577731,0.165123,-0.088976
6962.7,right_ring,0.650282,0.154472,-0.106514
6962.7,right_pinky,0.784646,0.205444,-0.113744
6979.3,right_thumb,0.532720,0.516674,-0.064330
6979.3,right_index,0.516883,0.282803,-0.080118
6979.3,right_middle,0.577593,0.165229,-0.088977
6979.3,right_ring,0.650178,0.154616,-0.106467
6979.3,right_pinky,0.784296,0.205696,-0.113710
6995.3,right_thumb,0.532574,0.516777,-0.064385
6995.3,right_index,0.516773,0.282946,-0.080183
6995.3,right_middle,0.577511,0.165383,-0.089024
6995.3,right_ring,0.650051,0.154799,-0.106489
6995.3,right_pinky,0.783993,0.205879,-0.113747
7021,right_thumb,0.532455,0.516760,-0.064274
7021,right_index,0.516620,0.283041,-0.080012
7021,right_middle,0.577377,0.165567,-0.088817
7021,right_ring,0.649866,0.155059,-0.106239
7021,right_pinky,0.783531,0.206193,-0.113545
7037.7,right_thumb,0.532399,0.516767,-0.064212
7037.7,right_index,0.516496,0.283156,-0.079929
7037.7,right_middle,0.577310,0.165735,-0.088736
7037.7,right_ring,0.649754,0.155199,-0.106152
7037.7,right_pinky,0.783278,0.206393,-0.113485
7054.2,right_thumb,0.532358,0.516801,-0.064085
7054.2,right_index,0.516422,0.283281,-0.079800
7054.2,right_middle,0.577281,0.165878,-0.088598
7054.2,right_ring,0.649660,0.155358,-0.106004
7054.2,right_pinky,0.783043,0.206575,-0.113372
7070.4,right_thumb,0.532315,0.516836,-0.063878
7070.4,right_index,0.516336,0.283446,-0.079604
7070.4,right_middle,0.577262,0.165985,-0.088417
7070.4,right_ring,0.649551,0.155502,-0.105850
7070.4,right_pinky,0.782816,0.206747,-0.113265
7087.7,right_thumb,0.532319,0.516956,-0.063737
7087.7,right_index,0.516251,0.283576,-0.079467
7087.7,right_middle,0.577234,0.166077,-0.088324
7087.7,right_ring,0.649444,0.155643,-0.105802
7087.7,right_pinky,0.782572,0.206926,-0.113263
7103.5,right_thumb,0.532310,0.517058,-0.063544
7103.5,right_index,0.516284,0.283725,-0.079299
7103.5,right_middle,0.577276,0.166124,-0.088183
7103.5,right_ring,0.649375,0.155731,-0.105715
7103.5,right_pinky,0.782401,0.207067,-0.113217
7121,right_thumb,0.532327,0.517264,-0.063385
7121,right_index,0.516333,0.283793,-0.079174
7121,right_middle,0.577285,0.166163,-0.088079
7121,right_ring,0.649271,0.155850,-0.105651
7121,right_pinky,0.782205,0.207251,-0.113207
7137,right_thumb,0.532302,0.517296,-0.063289
7137,right_index,0.516313,0.283902,-0.079106
7137,right_middle,0.577247,0.166263,-0.088056
7137,right_ring,0.649115,0.155932,-0.105672
7137,right_pinky,0.782007,0.207297,-0.113267
7154.3,right_thumb,0.532277,0.517371,-0.063210
7154.3,right_index,0.516287,0.283939,-0.079035
7154.3,right_middle,0.577235,0.166315,-0.087997
7154.3,right_ring,0.649051,0.155988,-0.105614
7154.3,right_pinky,0.781808,0.207420,-0.113244
7170.7,right_thumb,0.532257,0.517447,-0.063116
7170.7,right_index,0.516285,0.284054,-0.078956
7170.7,right_middle,0.577192,0.166435,-0.087903
7170.7,right_ring,0.648961,0.156131,-0.105512
7170.7,right_pinky,0.781711,0.207569,-0.113152
7187.8,right_thumb,0.532228,0.517596,-0.063087
7187.8,right_index,0.516291,0.284009,-0.078888
7187.8,right_middle,0.577157,0.166480,-0.087788
7187.8,right_ring,0.648861,0.156272,-0.105356
7187.8,right_pinky,0.781651,0.207724,-0.113004
7212.7,right_thumb,0.532161,0.517601,-0.062969
7212.7,right_index,0.516321,0.284123,-0.078746
7212.7,right_middle,0.577139,0.166706,-0.087714
7212.7,right_ring,0.648857,0.156510,-0.105263
7212.7,right_pinky,0.781448,0.207869,-0.112915
7229.3,right_thumb,0.532124,0.517697,-0.062906
7229.3,right_index,0.516385,0.284053,-0.078647
7229.3,right_middle,0.577133,0.166773,-0.087614
7229.3,right_ring,0.648818,0.156696,-0.105118
7229.3,right_pinky,0.781362,0.207937,-0.112759
7246,right_thumb,0.532123,0.517733,-0.062806
7246,right_index,0.516330,0.284159,-0.078545
7246,right_middle,0.577076,0.166850,-0.087504
7246,right_ring,0.648758,0.156811,-0.105014
7246,right_pinky,0.781242,0.208135,-0.112693
7262.8,right_thumb,0.532138,0.517756,-0.062692
7262.8,right_index,0.516259,0.284245,-0.078420
7262.8,right_middle,0.577034,0.166894,-0.087390
7262.8,right_ring,0.648750,0.156885,-0.104913
7262.8,right_pinky,0.781139,0.208412,-0.112608
7279.3,right_thumb,0.532085,0.517851,-0.062562
7279.3,right_index,0.516200,0.284337,-0.078250
7279.3,right_middle,0.576971,0.167012,-0.087259
7279.3,right_ring,0.648660,0.157017,-0.104830
7279.3,right_pinky,0.781024,0.208528,-0.112559
7296,right_thumb,0.532032,0.517935,-0.062409
7296,right_index,0.516145,0.284458,-0.078047
7296,right_middle,0.576899,0.167117,-0.087090
7296,right_ring,0.648531,0.157166,-0.104714
7296,right_pinky,0.780919,0.208566,-0.112476
7312.7,right_thumb,0.531998,0.518028,-0.062181
7312.7,right_index,0.516074,0.284578,-0.077788
7312.7,right_middle,0.576818,0.167208,-0.086890
7312.7,right_ring,0.648448,0.157282,-0.104557
7312.7,right_pinky,0.780816,0.208681,-0.112341
7329.4,right_thumb,0.531942,0.518110,-0.062060
7329.4,right_index,0.516052,0.284597,-0.077598
7329.4,right_middle,0.576765,0.167255,-0.086727
7329.4,right_ring,0.648379,0.157372,-0.104411
7329.4,right_pinky,0.780712,0.208858,-0.112208
7346,right_thumb,0.531907,0.518169,-0.061944
7346,right_index,0.516023,0.284599,-0.077454
7346,right_middle,0.576714,0.167338,-0.086620
7346,right_ring,0.648310,0.157506,-0.104309
7346,right_pinky,0.780620,0.208930,-0.112112
7371,right_thumb,0.531872,0.518261,-0.061804
7371,right_index,0.515988,0.284617,-0.077262
7371,right_middle,0.576649,0.167404,-0.086424
7371,right_ring,0.648216,0.157685,-0.104103
7371,right_pinky,0.780495,0.209121,-0.111899
7387.7,right_thumb,0.531871,0.518361,-0.061734
7387.7,right_index,0.515917,0.284774,-0.077184
7387.7,right_middle,0.576595,0.167553,-0.086370
7387.7,right_ring,0.648125,0.157823,-0.104065
7387.7,right_pinky,0.780395,0.209241,-0.111884
7404.4,right_thumb,0.531850,0.518484,-0.061646
7404.4,right_index,0.515879,0.284866,-0.077047
7404.4,right_middle,0.576553,0.167689,-0.086237
7404.4,right_ring,0.648008,0.157969,-0.103940
7404.4,right_pinky,0.780321,0.209340,-0.111774
7421,right_thumb,0.531801,0.518535,-0.061424
7421,right_index,0.515838,0.284918,-0.076830
7421,right_middle,0.576499,0.167806,-0.086049
7421,right_ring,0.647887,0.158107,-0.103782
7421,right_pinky,0.780261,0.209504,-0.111608
7437.7,right_thumb,0.531750,0.518579,-0.061236
7437.7,right_index,0.515830,0.284924,-0.076636
7437.7,right_middle,0.576451,0.167912,-0.085865
7437.7,right_ring,0.647768,0.158251,-0.103625
7437.7,right_pinky,0.780203,0.209663,-0.111442
7454.4,right_thumb,0.531761,0.518602,-0.061295
7454.4,right_index,0.515850,0.284951,-0.076661
7454.4,right_middle,0.576414,0.167969,-0.085896
7454.4,right_ring,0.647697,0.158310,-0.103665
7454.4,right_pinky,0.780124,0.209852,-0.111499
7470.4,right_thumb,0.531756,0.518591,-0.061325
7470.4,right_index,0.515827,0.284984,-0.076662
7470.4,right_middle,0.576386,0.168021,-0.085899
7470.4,right_ring,0.647626,0.158448,-0.103647
7470.4,right_pinky,0.780072,0.209984,-0.111473
7496.1,right_thumb,0.531753,0.518578,-0.061371
7496.1,right_index,0.515751,0.285139,-0.076696
7496.1,right_middle,0.576362,0.168101,-0.085945
7496.1,right_ring,0.647526,0.158649,-0.103672
7496.1,right_pinky,0.779996,0.210170,-0.111476
7512.3,right_thumb,0.531783,0.518556,-0.061312
7512.3,right_index,0.515735,0.285249,-0.076584
7512.3,right_middle,0.576319,0.168178,-0.085858
7512.3,right_ring,0.647428,0.158737,-0.103591
7512.3,right_pinky,0.779920,0.210125,-0.111390
7529.3,right_thumb,0.531792,0.518562,-0.061337
7529.3,right_index,0.515765,0.285262,-0.076546
7529.3,right_middle,0.576297,0.168242,-0.085828
7529.3,right_ring,0.647356,0.158828,-0.103541
7529.3,right_pinky,0.779842,0.210097,-0.111331
7546,right_thumb,0.531768,0.518605,-0.061390
7546,right_index,0.515815,0.285238,-0.076591
7546,right_middle,0.576300,0.168300,-0.085857
7546,right_ring,0.647273,0.158957,-0.103541
7546,right_pinky,0.779794,0.210142,-0.111333
7571,right_thumb,0.531766,0.518713,-0.061325
7571,right_index,0.515829,0.285271,-0.076525
7571,right_middle,0.576282,0.168422,-0.085801
7571,right_ring,0.647133,0.159114,-0.103473
7571,right_pinky,0.779759,0.210145,-0.111268
7587.7,right_thumb,0.531760,0.518765,-0.061135
7587.7,right_index,0.515789,0.285327,-0.076363
7587.7,right_middle,0.576272,0.168503,-0.085654
7587.7,right_ring,0.647065,0.159203,-0.103337
7587.7,right_pinky,0.779703,0.210159,-0.111122
7604.3,right_thumb,0.531738,0.518801,-0.060943
7604.3,right_index,0.515736,0.285374,-0.076183
7604.3,right_middle,0.576232,0.168585,-0.085508
7604.3,right_ring,0.646995,0.159274,-0.103210
7604.3,right_pinky,0.779614,0.210238,-0.111009
7621,right_thumb,0.531714,0.518762,-0.060833
7621,right_index,0.515673,0.285564,-0.076108
7621,right_middle,0.576200,0.168681,-0.085495
7621,right_ring,0.646920,0.159380,-0.103235
7621,right_pinky,0.779429,0.210204,-0.111039
7636.9,right_thumb,0.531736,0.518745,-0.060906
7636.9,right_index,0.515653,0.285579,-0.076244
7636.9,right_middle,0.576130,0.168752,-0.085608
7636.9,right_ring,0.646881,0.159549,-0.103271
7636.9,right_pinky,0.779337,0.210383,-0.111030
7654.3,right_thumb,0.531780,0.518754,-0.060843
7654.3,right_index,0.515656,0.285719,-0.076260
7654.3,right_middle,0.576136,0.168869,-0.085620
7654.3,right_ring,0.646817,0.159707,-0.103244
7654.3,right_pinky,0.779209,0.210422,-0.110998
7679.3,right_thumb,0.531772,0.518731,-0.060853
7679.3,right_index,0.515675,0.285676,-0.076263
7679.3,right_middle,0.576074,0.168991,-0.085612
7679.3,right_ring,0.646657,0.159883,-0.103215
7679.3,right_pinky,0.779096,0.210483,-0.110983
7696.1,right_thumb,0.531747,0.518731,-0.060835
7696.1,right_index,0.515695,0.285696,-0.076223
7696.1,right_middle,0.576045,0.169059,-0.085556
7696.1,right_ring,0.646541,0.159993,-0.103149
7696.1,right_pinky,0.778998,0.210455,-0.110931
7721,right_thumb,0.531673,0.518683,-0.060682
7721,right_index,0.515708,0.285687,-0.076063
7721,right_middle,0.576053,0.169108,-0.085445
7721,right_ring,0.646503,0.160056,-0.103062
7721,right_pinky,0.778907,0.210469,-0.110848
7737,right_thumb,0.531673,0.518713,-0.060579
7737,right_index,0.515697,0.285709,-0.075985
7737,right_middle,0.576045,0.169141,-0.085420
7737,right_ring,0.646488,0.160091,-0.103055
7737,right_pinky,0.778886,0.210604,-0.110828
7754.4,right_thumb,0.531719,0.518801,-0.060407
7754.4,right_index,0.515742,0.285758,-0.075816
7754.4,right_middle,0.576020,0.169242,-0.085317
7754.4,right_ring,0.646413,0.160225,-0.102968
7754.4,right_pinky,0.778807,0.210683,-0.110735
7771,right_thumb,0.531691,0.518792,-0.060511
7771,right_index,0.515782,0.285770,-0.075904
7771,right_middle,0.576008,0.169320,-0.085375
7771,right_ring,0.646380,0.160334,-0.102996
7771,right_pinky,0.778673,0.210715,-0.110770
7796,right_thumb,0.531675,0.518753,-0.060624
7796,right_index,0.515843,0.285802,-0.075990
7796,right_middle,0.575976,0.169460,-0.085450
7796,right_ring,0.646291,0.160512,-0.103050
7796,right_pinky,0.778544,0.210807,-0.110825
7812.7,right_thumb,0.531695,0.518813,-0.060636
7812.7,right_index,0.515843,0.285854,-0.076035
7812.7,right_middle,0.575917,0.169545,-0.085500
7812.7,right_ring,0.646207,0.160614,-0.103077
7812.7,right_pinky,0.778451,0.210811,-0.110863
7829.3,right_thumb,0.531694,0.518870,-0.060564
7829.3,right_index,0.515835,0.285959,-0.076006
7829.3,right_middle,0.575858,0.169635,-0.085493
7829.3,right_ring,0.646129,0.160698,-0.103062
7829.3,right_pinky,0.778382,0.210799,-0.110849
7846,right_thumb,0.531672,0.518919,-0.060488
7846,right_index,0.515814,0.286093,-0.075959
7846,right_middle,0.575798,0.169725,-0.085468
7846,right_ring,0.646048,0.160771,-0.103034
7846,right_pinky,0.778312,0.210768,-0.110822
7871,right_thumb,0.531655,0.518999,-0.060285
7871,right_index,0.515737,0.286322,-0.075777
7871,right_middle,0.575724,0.169850,-0.085331
7871,right_ring,0.645899,0.160848,-0.102932
7871,right_pinky,0.778166,0.210775,-0.110732
7887.7,right_thumb,0.531624,0.519041,-0.060376
7887.7,right_index,0.515710,0.286303,-0.075830
7887.7,right_middle,0.575668,0.169934,-0.085424
7887.7,right_ring,0.645840,0.160977,-0.103005
7887.7,right_pinky,0.778127,0.210857,-0.110787
7904.3,right_thumb,0.531611,0.519168,-0.060516
7904.3,right_index,0.515708,0.286201,-0.075981
7904.3,right_middle,0.575579,0.169950,-0.085580
7904.3,right_ring,0.645795,0.161102,-0.103096
7904.3,right_pinky,0.778105,0.211001,-0.110839
7921,right_thumb,0.531571,0.519227,-0.060605
7921,right_index,0.515779,0.286081,-0.076110
7921,right_middle,0.575531,0.169913,-0.085727
7921,right_ring,0.645756,0.161132,-0.103226
7921,right_pinky,0.777984,0.211072,-0.110936
7937.7,right_thumb,0.531559,0.519248,-0.060578
7937.7,right_index,0.515870,0.285999,-0.076059
7937.7,right_middle,0.575548,0.169932,-0.085710
7937.7,right_ring,0.645681,0.161212,-0.103226
7937.7,right_pinky,0.777870,0.211029,-0.110944
7954.3,right_thumb,0.531584,0.519230,-0.060495
7954.3,right_index,0.515969,0.285892,-0.075932
7954.3,right_middle,0.575561,0.169971,-0.085645
7954.3,right_ring,0.645669,0.161296,-0.103165
7954.3,right_pinky,0.777766,0.211038,-0.110883
7971,right_thumb,0.531595,0.519217,-0.060496
7971,right_index,0.516098,0.285807,-0.075940
7971,right_middle,0.575548,0.169983,-0.085656
7971,right_ring,0.645664,0.161400,-0.103132
7971,right_pinky,0.777685,0.211055,-0.110827
7987.7,right_thumb,0.531580,0.519198,-0.060473
7987.7,right_index,0.516213,0.285701,-0.075956
7987.7,right_middle,0.575552,0.169977,-0.085675
7987.7,right_ring,0.645658,0.161444,-0.103139
7987.7,right_pinky,0.777664,0.211132,-0.110836
8004.4,right_thumb,0.531565,0.519189,-0.060467
8004.4,right_index,0.516338,0.285560,-0.075933
8004.4,right_middle,0.575579,0.169945,-0.085648
8004.4,right_ring,0.645668,0.161468,-0.103104
8004.4,right_pinky,0.777616,0.211139,-0.110803
8021.1,right_thumb,0.531487,0.519109,-0.060494
8021.1,right_index,0.516433,0.285461,-0.075975
8021.1,right_middle,0.575612,0.169893,-0.085703
8021.1,right_ring,0.645685,0.161424,-0.103163
8021.1,right_pinky,0.777489,0.211121,-0.110857
8037.7,right_thumb,0.531406,0.519106,-0.060453
8037.7,right_index,0.516516,0.285348,-0.075925
8037.7,right_middle,0.575644,0.169850,-0.085694
8037.7,right_ring,0.645678,0.161382,-0.103182
8037.7,right_pinky,0.777364,0.211043,-0.110888
8054.3,right_thumb,0.531433,0.518997,-0.060456
8054.3,right_index,0.516632,0.285201,-0.075933
8054.3,right_middle,0.575690,0.169820,-0.085729
8054.3,right_ring,0.645737,0.161357,-0.103214
8054.3,right_pinky,0.777337,0.211105,-0.110911
8079.4,right_thumb,0.531381,0.518974,-0.060544
8079.4,right_index,0.516822,0.284906,-0.075986
8079.4,right_middle,0.575801,0.169752,-0.085776
8079.4,right_ring,0.645814,0.161327,-0.103237
8079.4,right_pinky,0.777287,0.211079,-0.110957
8095.7,right_thumb,0.531408,0.518869,-0.060527
8095.7,right_index,0.516939,0.284750,-0.075979
8095.7,right_middle,0.575844,0.169728,-0.085788
8095.7,right_ring,0.645833,0.161365,-0.103245
8095.7,right_pinky,0.777270,0.211087,-0.110959
8112.8,right_thumb,0.531444,0.518846,-0.060510
8112.8,right_index,0.517022,0.284627,-0.075979
8112.8,right_middle,0.575843,0.169711,-0.085835
8112.8,right_ring,0.645846,0.161388,-0.103289
8112.8,right_pinky,0.777187,0.211052,-0.111001
8129,right_thumb,0.531463,0.518852,-0.060504
8129,right_index,0.517109,0.284503,-0.075989
8129,right_middle,0.575828,0.169698,-0.085895
8129,right_ring,0.645866,0.161398,-0.103340
8129,right_pinky,0.777116,0.211056,-0.111032
8146,right_thumb,0.531469,0.518830,-0.060582
8146,right_index,0.517180,0.284440,-0.076092
8146,right_middle,0.575818,0.169720,-0.086001
8146,right_ring,0.645859,0.161415,-0.103423
8146,right_pinky,0.777060,0.211087,-0.111087
8162.6,right_thumb,0.531464,0.518844,-0.060700
8162.6,right_index,0.517256,0.284356,-0.076230
8162.6,right_middle,0.575810,0.169725,-0.086135
8162.6,right_ring,0.645850,0.161440,-0.103519
8162.6,right_pinky,0.777010,0.211129,-0.111150
8179.3,right_thumb,0.531512,0.518794,-0.060769
8179.3,right_index,0.517320,0.284259,-0.076322
8179.3,right_middle,0.575794,0.169740,-0.086247
8179.3,right_ring,0.645844,0.161452,-0.103604
8179.3,right_pinky,0.777001,0.211210,-0.111218
8204.2,right_thumb,0.531554,0.518738,-0.060843
8204.2,right_index,0.517417,0.284128,-0.076416
8204.2,right_middle,0.575767,0.169741,-0.086373
8204.2,right_ring,0.645830,0.161445,-0.103716
8204.2,right_pinky,0.776959,0.211260,-0.111326
8221.1,right_thumb,0.531543,0.518740,-0.060682
8221.1,right_index,0.517471,0.284073,-0.076276
8221.1,right_middle,0.575771,0.169706,-0.086271
8221.1,right_ring,0.645808,0.161448,-0.103648
8221.1,right_pinky,0.776924,0.211333,-0.111268
8237.7,right_thumb,0.531522,0.518647,-0.060584
8237.7,right_index,0.517496,0.284041,-0.076180
8237.7,right_middle,0.575768,0.169680,-0.086213
8237.7,right_ring,0.645803,0.161458,-0.103607
8237.7,right_pinky,0.776893,0.211414,-0.111224
8254.4,right_thumb,0.531488,0.518581,-0.060615
8254.4,right_index,0.517518,0.283972,-0.076208
8254.4,right_middle,0.575785,0.169662,-0.086250
8254.4,right_ring,0.645805,0.161475,-0.103618
8254.4,right_pinky,0.776836,0.211464,-0.111206
8271,right_thumb,0.531469,0.518520,-0.060656
8271,right_index,0.517533,0.283897,-0.076244
8271,right_middle,0.575809,0.169651,-0.086286
8271,right_ring,0.645798,0.161497,-0.103633
8271,right_pinky,0.776779,0.211529,-0.111197
8287.7,right_thumb,0.531481,0.518454,-0.060559
8287.7,right_index,0.517523,0.283897,-0.076165
8287.7,right_middle,0.575820,0.169668,-0.086231
8287.7,right_ring,0.645795,0.161529,-0.103616
8287.7,right_pinky,0.776788,0.211542,-0.111195
8304.4,right_thumb,0.531447,0.518524,-0.060510
8304.4,right_index,0.517541,0.283847,-0.076154
8304.4,right_middle,0.575814,0.169643,-0.086240
8304.4,right_ring,0.645819,0.161527,-0.103639
8304.4,right_pinky,0.776764,0.211501,-0.111223
8321,right_thumb,0.531436,0.518517,-0.060422
8321,right_index,0.517534,0.283811,-0.076054
8321,right_middle,0.575804,0.169652,-0.086170
8321,right_ring,0.645805,0.161519,-0.103572
8321,right_pinky,0.776694,0.211458,-0.111157
8337.7,right_thumb,0.531419,0.518537,-0.060447
8337.7,right_index,0.517531,0.283782,-0.076081
8337.7,right_middle,0.575781,0.169652,-0.086223
8337.7,right_ring,0.645762,0.161517,-0.103652
8337.7,right_pinky,0.776611,0.211463,-0.111245
8354.3,right_thumb,0.531420,0.518565,-0.060463
8354.3,right_index,0.517495,0.283757,-0.076079
8354.3,right_middle,0.575749,0.169653,-0.086245
8354.3,right_ring,0.645734,0.161529,-0.103696
8354.3,right_pinky,0.776555,0.211500,-0.111289
8371,right_thumb,0.531376,0.518651,-0.060468
8371,right_index,0.517486,0.283712,-0.076134
8371,right_middle,0.575729,0.169650,-0.086318
8371,right_ring,0.645767,0.161559,-0.103730
8371,right_pinky,0.776562,0.211584,-0.111306
8387.6,right_thumb,0.531340,0.518649,-0.060370
8387.6,right_index,0.517444,0.283704,-0.076056
8387.6,right_middle,0.575732,0.169686,-0.086253
8387.6,right_ring,0.645779,0.161593,-0.103657
8387.6,right_pinky,0.776537,0.211598,-0.111252
8412.8,right_thumb,0.531388,0.518522,-0.060299
8412.8,right_index,0.517395,0.283685,-0.075944
8412.8,right_middle,0.575721,0.169710,-0.086148
8412.8,right_ring,0.645719,0.161628,-0.103576
8412.8,right_pinky,0.776463,0.211542,-0.111198
8429.4,right_thumb,0.531408,0.518531,-0.060240
8429.4,right_index,0.517379,0.283661,-0.075863
8429.4,right_middle,0.575723,0.169717,-0.086089
8429.4,right_ring,0.645701,0.161640,-0.103533
8429.4,right_pinky,0.776392,0.211492,-0.111161
8446,right_thumb,0.531407,0.518590,-0.060251
8446,right_index,0.517369,0.283628,-0.075885
8446,right_middle,0.575727,0.169732,-0.086132
8446,right_ring,0.645662,0.161675,-0.103575
8446,right_pinky,0.776336,0.211483,-0.111194
8462.4,right_thumb,0.531422,0.518665,-0.060311
8462.4,right_index,0.517348,0.283594,-0.075962
8462.4,right_middle,0.575720,0.169752,-0.086214
8462.4,right_ring,0.645647,0.161729,-0.103633
8462.4,right_pinky,0.776305,0.211532,-0.111230
8478.6,right_thumb,0.531391,0.518793,-0.060242
8478.6,right_index,0.517327,0.283568,-0.075870
8478.6,right_middle,0.575710,0.169798,-0.086139
8478.6,right_ring,0.645640,0.161741,-0.103573
8478.6,right_pinky,0.776260,0.211515,-0.111194
8496.1,right_thumb,0.531387,0.518802,-0.060244
8496.1,right_index,0.517301,0.283570,-0.075821
8496.1,right_middle,0.575695,0.169866,-0.086103
8496.1,right_ring,0.645644,0.161764,-0.103537
8496.1,right_pinky,0.776255,0.211473,-0.111167
8512.7,right_thumb,0.531392,0.518807,-0.060257
8512.7,right_index,0.517325,0.283578,-0.075810
8512.7,right_middle,0.575699,0.169913,-0.086091
8512.7,right_ring,0.645618,0.161800,-0.103521
8512.7,right_pinky,0.776206,0.211483,-0.111180
8529.4,right_thumb,0.531385,0.518848,-0.060215
8529.4,right_index,0.517349,0.283606,-0.075742
8529.4,right_middle,0.575690,0.169971,-0.086027
8529.4,right_ring,0.645606,0.161845,-0.103464
8529.4,right_pinky,0.776188,0.211576,-0.111146
8554.3,right_thumb,0.531348,0.518931,-0.060162
8554.3,right_index,0.517317,0.283647,-0.075732
8554.3,right_middle,0.575629,0.170040,-0.086051
8554.3,right_ring,0.645575,0.161929,-0.103494
8554.3,right_pinky,0.776090,0.211702,-0.111178
8571.1,right_thumb,0.531368,0.518886,-0.060109
8571.1,right_index,0.517293,0.283671,-0.075685
8571.1,right_middle,0.575590,0.170101,-0.086035
8571.1,right_ring,0.645564,0.161960,-0.103488
8571.1,right_pinky,0.776020,0.211780,-0.111177
8587.7,right_thumb,0.531313,0.518979,-0.060089
8587.7,right_index,0.517310,0.283706,-0.075624
8587.7,right_middle,0.575575,0.170164,-0.085979
8587.7,right_ring,0.645522,0.161984,-0.103446
8587.7,right_pinky,0.775942,0.211799,-0.111161
8604.4,right_thumb,0.531277,0.519043,-0.060159
8604.4,right_index,0.517328,0.283707,-0.075698
8604.4,right_middle,0.575524,0.170215,-0.086042
8604.4,right_ring,0.645523,0.162007,-0.103476
8604.4,right_pinky,0.775887,0.211884,-0.111188
8621,right_thumb,0.531249,0.519075,-0.060106
8621,right_index,0.517350,0.283720,-0.075643
8621,right_middle,0.575544,0.170202,-0.086000
8621,right_ring,0.645523,0.161989,-0.103457
8621,right_pinky,0.775885,0.211939,-0.111169
8637.8,right_thumb,0.531218,0.519108,-0.060012
8637.8,right_index,0.517373,0.283719,-0.075577
8637.8,right_middle,0.575566,0.170191,-0.085939
8637.8,right_ring,0.645530,0.161972,-0.103417
8637.8,right_pinky,0.775881,0.211956,-0.111134
8654.3,right_thumb,0.531149,0.519094,-0.060000
8654.3,right_index,0.517388,0.283742,-0.075546
8654.3,right_middle,0.575582,0.170179,-0.085916
8654.3,right_ring,0.645540,0.161977,-0.103413
8654.3,right_pinky,0.775898,0.211940,-0.111127
8671,right_thumb,0.531067,0.519148,-0.059964
8671,right_index,0.517421,0.283745,-0.075515
8671,right_middle,0.575592,0.170184,-0.085894
8671,right_ring,0.645568,0.161965,-0.103410
8671,right_pinky,0.775906,0.211983,-0.111126
8687.7,right_thumb,0.531013,0.519181,-0.060016
8687.7,right_index,0.517484,0.283746,-0.075603
8687.7,right_middle,0.575598,0.170168,-0.085979
8687.7,right_ring,0.645630,0.161980,-0.103466
8687.7,right_pinky,0.775928,0.212028,-0.111178
8704.3,right_thumb,0.530993,0.519149,-0.060106
8704.3,right_index,0.517525,0.283770,-0.075697
8704.3,right_middle,0.575603,0.170161,-0.086070
8704.3,right_ring,0.645646,0.162001,-0.103529
8704.3,right_pinky,0.775933,0.212011,-0.111235
8721.1,right_thumb,0.530946,0.519144,-0.059957
8721.1,right_index,0.517543,0.283825,-0.075545
8721.1,right_middle,0.575648,0.170184,-0.085940
8721.1,right_ring,0.645608,0.162062,-0.103432
8721.1,right_pinky,0.775945,0.212008,-0.111143
8746.1,right_thumb,0.530892,0.519055,-0.059878
8746.1,right_index,0.517542,0.283849,-0.075462
8746.1,right_middle,0.575592,0.170192,-0.085846
8746.1,right_ring,0.645595,0.162098,-0.103363
8746.1,right_pinky,0.775951,0.212034,-0.111079
8762.6,right_thumb,0.530851,0.519052,-0.059931
8762.6,right_index,0.517561,0.283864,-0.075502
8762.6,right_middle,0.575566,0.170171,-0.085871
8762.6,right_ring,0.645596,0.162118,-0.103383
8762.6,right_pinky,0.775978,0.212059,-0.111084
8779.1,right_thumb,0.530851,0.519040,-0.059929
8779.1,right_index,0.517537,0.283916,-0.075525
8779.1,right_middle,0.575557,0.170193,-0.085852
8779.1,right_ring,0.645590,0.162151,-0.103359
8779.1,right_pinky,0.775946,0.212131,-0.111054
8796,right_thumb,0.530841,0.518997,-0.059939
8796,right_index,0.517520,0.283985,-0.075523
8796,right_middle,0.575568,0.170251,-0.085821
8796,right_ring,0.645604,0.162208,-0.103326
8796,right_pinky,0.775941,0.212194,-0.111029
8812.3,right_thumb,0.530836,0.519054,-0.059868
8812.3,right_index,0.517504,0.284058,-0.075459
8812.3,right_middle,0.575575,0.170282,-0.085753
8812.3,right_ring,0.645633,0.162206,-0.103279
8812.3,right_pinky,0.775960,0.212243,-0.110993
8829.4,right_thumb,0.530832,0.519133,-0.059768
8829.4,right_index,0.517522,0.284066,-0.075377
8829.4,right_middle,0.575595,0.170271,-0.085672
8829.4,right_ring,0.645647,0.162174,-0.103231
8829.4,right_pinky,0.775915,0.212157,-0.110982
8846,right_thumb,0.530856,0.519048,-0.059759
8846,right_index,0.517476,0.284084,-0.075299
8846,right_middle,0.575601,0.170250,-0.085578
8846,right_ring,0.645658,0.162130,-0.103130
8846,right_pinky,0.775939,0.212071,-0.110863
8862.7,right_thumb,0.530866,0.519046,-0.059673
8862.7,right_index,0.517428,0.284105,-0.075160
8862.7,right_middle,0.575611,0.170225,-0.085469
8862.7,right_ring,0.645693,0.162085,-0.103037
8862.7,right_pinky,0.775988,0.212028,-0.110739
8887.7,right_thumb,0.530915,0.518877,-0.059574
8887.7,right_index,0.517417,0.284218,-0.075105
8887.7,right_middle,0.575663,0.170161,-0.085473
8887.7,right_ring,0.645799,0.162023,-0.103064
8887.7,right_pinky,0.776082,0.212084,-0.110754
8904.3,right_thumb,0.530904,0.518865,-0.059528
8904.3,right_index,0.517414,0.284214,-0.075060
8904.3,right_middle,0.575689,0.170097,-0.085437
8904.3,right_ring,0.645865,0.161968,-0.103032
8904.3,right_pinky,0.776124,0.212038,-0.110728
8921,right_thumb,0.530945,0.518704,-0.059437
8921,right_index,0.517428,0.284310,-0.074991
8921,right_middle,0.575754,0.170070,-0.085398
8921,right_ring,0.645932,0.161929,-0.103033
8921,right_pinky,0.776166,0.212016,-0.110727
8937.7,right_thumb,0.530962,0.518590,-0.059355
8937.7,right_index,0.517456,0.284292,-0.074950
8937.7,right_middle,0.575819,0.170021,-0.085347
8937.7,right_ring,0.646003,0.161894,-0.102991
8937.7,right_pinky,0.776186,0.211972,-0.110692
8954.3,right_thumb,0.531025,0.518422,-0.059256
8954.3,right_index,0.517537,0.284307,-0.074807
8954.3,right_middle,0.575908,0.170030,-0.085171
8954.3,right_ring,0.646063,0.161868,-0.102845
8954.3,right_pinky,0.776203,0.211919,-0.110579
8971,right_thumb,0.531057,0.518169,-0.059083
8971,right_index,0.517649,0.284374,-0.074588
8971,right_middle,0.576043,0.170040,-0.084962
8971,right_ring,0.646109,0.161833,-0.102706
8971,right_pinky,0.776305,0.211940,-0.110456
8996,right_thumb,0.531130,0.517936,-0.058860
8996,right_index,0.517827,0.284437,-0.074418
8996,right_middle,0.576239,0.170022,-0.084805
8996,right_ring,0.646202,0.161795,-0.102616
8996,right_pinky,0.776444,0.211980,-0.110376
9012.7,right_thumb,0.531214,0.517709,-0.058930
9012.7,right_index,0.517968,0.284439,-0.074506
9012.7,right_middle,0.576349,0.170005,-0.084834
9012.7,right_ring,0.646330,0.161788,-0.102615
9012.7,right_pinky,0.776550,0.211972,-0.110385
9029.4,right_thumb,0.531223,0.517668,-0.059000
9029.4,right_index,0.518087,0.284434,-0.074595
9029.4,right_middle,0.576490,0.169989,-0.084868
9029.4,right_ring,0.646467,0.161748,-0.102633
9029.4,right_pinky,0.776659,0.211863,-0.110404
9046,right_thumb,0.531305,0.517613,-0.058921
9046,right_index,0.518198,0.284387,-0.074547
9046,right_middle,0.576600,0.170002,-0.084824
9046,right_ring,0.646598,0.161720,-0.102612
9046,right_pinky,0.776819,0.211874,-0.110377
9062.7,right_thumb,0.531357,0.517666,-0.058864
9062.7,right_index,0.518341,0.284345,-0.074497
9062.7,right_middle,0.576715,0.169963,-0.084774
9062.7,right_ring,0.646748,0.161668,-0.102586
9062.7,right_pinky,0.776956,0.211857,-0.110358
9087.7,right_thumb,0.531398,0.517528,-0.058849
9087.7,right_index,0.518679,0.284196,-0.074411
9087.7,right_middle,0.576921,0.169914,-0.084673
9087.7,right_ring,0.646972,0.161617,-0.102453
9087.7,right_pinky,0.777163,0.211871,-0.110228
9104.4,right_thumb,0.531418,0.517456,-0.058862
9104.4,right_index,0.518873,0.284100,-0.074399
9104.4,right_middle,0.577023,0.169870,-0.084633
9104.4,right_ring,0.647037,0.161597,-0.102409
9104.4,right_pinky,0.777257,0.211815,-0.110195
9121,right_thumb,0.531481,0.517322,-0.058939
9121,right_index,0.519016,0.284027,-0.074400
9121,right_middle,0.577151,0.169889,-0.084605
9121,right_ring,0.647162,0.161605,-0.102351
9121,right_pinky,0.777382,0.211764,-0.110117
9137.7,right_thumb,0.531517,0.517269,-0.058979
9137.7,right_index,0.519190,0.283949,-0.074385
9137.7,right_middle,0.577262,0.169930,-0.084568
9137.7,right_ring,0.647298,0.161620,-0.102281
9137.7,right_pinky,0.777511,0.211718,-0.110036
9154.3,right_thumb,0.531575,0.517215,-0.058959
9154.3,right_index,0.519379,0.283877,-0.074312
9154.3,right_middle,0.577339,0.169944,-0.084488
9154.3,right_ring,0.647359,0.161653,-0.102178
9154.3,right_pinky,0.777616,0.211643,-0.109927
9171,right_thumb,0.531639,0.517182,-0.058917
9171,right_index,0.519584,0.283828,-0.074226
9171,right_middle,0.577427,0.169937,-0.084399
9171,right_ring,0.647448,0.161657,-0.102072
9171,right_pinky,0.777720,0.211592,-0.109815
9196,right_thumb,0.531717,0.517199,-0.058893
9196,right_index,0.519853,0.283787,-0.074197
9196,right_middle,0.577557,0.169936,-0.084383
9196,right_ring,0.647549,0.161657,-0.102044
9196,right_pinky,0.777850,0.211531,-0.109784
9212.6,right_thumb,0.531782,0.517246,-0.058912
9212.6,right_index,0.520005,0.283771,-0.074220
9212.6,right_middle,0.577632,0.169929,-0.084411
9212.6,right_ring,0.647614,0.161672,-0.102063
9212.6,right_pinky,0.777925,0.211519,-0.109794
9229.4,right_thumb,0.531854,0.517314,-0.058999
9229.4,right_index,0.520058,0.283682,-0.074247
9229.4,right_middle,0.577705,0.169972,-0.084380
9229.4,right_ring,0.647673,0.161655,-0.102011
9229.4,right_pinky,0.778065,0.211492,-0.109740
9246,right_thumb,0.531902,0.517295,-0.059038
9246,right_index,0.520153,0.283622,-0.074228
9246,right_middle,0.577779,0.169999,-0.084318
9246,right_ring,0.647756,0.161611,-0.101927
9246,right_pinky,0.778184,0.211479,-0.109651
9262.7,right_thumb,0.531969,0.517305,-0.059042
9262.7,right_index,0.520200,0.283564,-0.074192
9262.7,right_middle,0.577829,0.170028,-0.084251
9262.7,right_ring,0.647834,0.161628,-0.101839
9262.7,right_pinky,0.778269,0.211448,-0.109565
9279.3,right_thumb,0.532010,0.517282,-0.059065
9279.3,right_index,0.520291,0.283516,-0.074223
9279.3,right_middle,0.577935,0.170018,-0.084277
9279.3,right_ring,0.647960,0.161666,-0.101833
9279.3,right_pinky,0.778324,0.211494,-0.109547
9296.1,right_thumb,0.532054,0.517336,-0.059047
9296.1,right_index,0.520317,0.283454,-0.074243
9296.1,right_middle,0.577970,0.170035,-0.084302
9296.1,right_ring,0.647976,0.161734,-0.101845
9296.1,right_pinky,0.778365,0.211380,-0.109566
9312.7,right_thumb,0.532143,0.517253,-0.059092
9312.7,right_index,0.520362,0.283414,-0.074237
9312.7,right_middle,0.578012,0.170062,-0.084296
9312.7,right_ring,0.648035,0.161697,-0.101839
9312.7,right_pinky,0.778367,0.211394,-0.109570
9337,right_thumb,0.532227,0.517071,-0.059000
9337,right_index,0.520433,0.283424,-0.074104
9337,right_middle,0.578078,0.170145,-0.084213
9337,right_ring,0.648114,0.161692,-0.101794
9337,right_pinky,0.778368,0.211459,-0.109544
9354.4,right_thumb,0.532243,0.517078,-0.058943
9354.4,right_index,0.520480,0.283348,-0.074073
9354.4,right_middle,0.578084,0.170160,-0.084181
9354.4,right_ring,0.648150,0.161684,-0.101774
9354.4,right_pinky,0.778330,0.211410,-0.109548
9371,right_thumb,0.532267,0.516988,-0.058864
9371,right_index,0.520499,0.283347,-0.074045
9371,right_middle,0.578079,0.170184,-0.084169
9371,right_ring,0.648213,0.161711,-0.101751
9371,right_pinky,0.778320,0.211421,-0.109514
9387.6,right_thumb,0.532313,0.516970,-0.058927
9387.6,right_index,0.520453,0.283335,-0.074086
9387.6,right_middle,0.578058,0.170188,-0.084187
9387.6,right_ring,0.648156,0.161726,-0.101769
9387.6,right_pinky,0.778262,0.211393,-0.109544
9412.6,right_thumb,0.532404,0.517047,-0.058913
9412.6,right_index,0.520447,0.283325,-0.074094
9412.6,right_middle,0.577999,0.170192,-0.084168
9412.6,right_ring,0.648194,0.161807,-0.101714
9412.6,right_pinky,0.778208,0.211619,-0.109494
9429.3,right_thumb,0.532357,0.517054,-0.058886
9429.3,right_index,0.520413,0.283325,-0.074090
9429.3,right_middle,0.577943,0.170193,-0.084192
9429.3,right_ring,0.648150,0.161798,-0.101748
9429.3,right_pinky,0.778064,0.211595,-0.109529
9446,right_thumb,0.532354,0.517022,-0.058830
9446,right_index,0.520391,0.283413,-0.074081
9446,right_middle,0.577886,0.170196,-0.084203
9446,right_ring,0.648161,0.161819,-0.101758
9446,right_pinky,0.777965,0.211676,-0.109531
9471.1,right_thumb,0.532330,0.517066,-0.058815
9471.1,right_index,0.520391,0.283439,-0.074111
9471.1,right_middle,0.577851,0.170212,-0.084285
9471.1,right_ring,0.648179,0.161783,-0.101839
9471.1,right_pinky,0.777885,0.211712,-0.109593
9486.8,right_thumb,0.532334,0.517213,-0.058804
9486.8,right_index,0.520303,0.283443,-0.074054
9486.8,right_middle,0.577799,0.170247,-0.084237
9486.8,right_ring,0.648109,0.161835,-0.101811
9486.8,right_pinky,0.777874,0.211701,-0.109563
9504.4,right_thumb,0.532332,0.517212,-0.058776
9504.4,right_index,0.520238,0.283454,-0.073984
9504.4,right_middle,0.577757,0.170260,-0.084188
9504.4,right_ring,0.648054,0.161888,-0.101779
9504.4,right_pinky,0.777857,0.211745,-0.109525
9521,right_thumb,0.532264,0.517313,-0.058791
9521,right_index,0.520161,0.283456,-0.074026
9521,right_middle,0.577668,0.170235,-0.084231
9521,right_ring,0.647935,0.161896,-0.101841
9521,right_pinky,0.777758,0.211692,-0.109607
9545.7,right_thumb,0.532260,0.517230,-0.058849
9545.7,right_index,0.520032,0.283508,-0.074087
9545.7,right_middle,0.577513,0.170237,-0.084363
9545.7,right_ring,0.647829,0.161925,-0.101970
9545.7,right_pinky,0.777664,0.211755,-0.109729
9562.7,right_thumb,0.532239,0.517189,-0.058823
9562.7,right_index,0.519972,0.283555,-0.074073
9562.7,right_middle,0.577432,0.170259,-0.084340
9562.7,right_ring,0.647657,0.161964,-0.101950
9562.7,right_pinky,0.777491,0.211681,-0.109704
9579.3,right_thumb,0.532224,0.517202,-0.058841
9579.3,right_index,0.519880,0.283603,-0.074062
9579.3,right_middle,0.577326,0.170319,-0.084328
9579.3,right_ring,0.647568,0.162066,-0.101934
9579.3,right_pinky,0.777380,0.211697,-0.109676
9595.7,right_thumb,0.532180,0.517367,-0.058872
9595.7,right_index,0.519781,0.283642,-0.074081
9595.7,right_middle,0.577178,0.170375,-0.084354
9595.7,right_ring,0.647492,0.162165,-0.101946
9595.7,right_pinky,0.777248,0.211723,-0.109684
9621,right_thumb,0.532070,0.517529,-0.058945
9621,right_index,0.519617,0.283824,-0.074149
9621,right_middle,0.576999,0.170439,-0.084423
9621,right_ring,0.647381,0.162259,-0.101990
9621,right_pinky,0.777056,0.211868,-0.109710
9637.7,right_thumb,0.532020,0.517515,-0.058937
9637.7,right_index,0.519516,0.283919,-0.074160
9637.7,right_middle,0.576887,0.170483,-0.084432
9637.7,right_ring,0.647286,0.162333,-0.101977
9637.7,right_pinky,0.776946,0.211917,-0.109699
9654.4,right_thumb,0.531977,0.517510,-0.058923
9654.4,right_index,0.519477,0.283985,-0.074197
9654.4,right_middle,0.576851,0.170486,-0.084485
9654.4,right_ring,0.647284,0.162356,-0.102020
9654.4,right_pinky,0.776899,0.211980,-0.109741
9671,right_thumb,0.531901,0.517557,-0.058951
9671,right_index,0.519408,0.284005,-0.074250
9671,right_middle,0.576824,0.170484,-0.084528
9671,right_ring,0.647247,0.162362,-0.102051
9671,right_pinky,0.776811,0.211975,-0.109775
9696,right_thumb,0.531907,0.517527,-0.058881
9696,right_index,0.519360,0.284022,-0.074228
9696,right_middle,0.576783,0.170472,-0.084518
9696,right_ring,0.647195,0.162324,-0.102068
9696,right_pinky,0.776746,0.212037,-0.109798
9712.6,right_thumb,0.531866,0.517585,-0.058827
9712.6,right_index,0.519348,0.284059,-0.074230
9712.6,right_middle,0.576770,0.170451,-0.084514
9712.6,right_ring,0.647153,0.162315,-0.102078
9712.6,right_pinky,0.776733,0.212114,-0.109802
9729,right_thumb,0.531826,0.517653,-0.058796
9729,right_index,0.519325,0.284094,-0.074239
9729,right_middle,0.576756,0.170434,-0.084522
9729,right_ring,0.647122,0.162309,-0.102099
9729,right_pinky,0.776740,0.212187,-0.109806
9754.4,right_thumb,0.531775,0.517807,-0.058894
9754.4,right_index,0.519310,0.284122,-0.074421
9754.4,right_middle,0.576720,0.170374,-0.084715
9754.4,right_ring,0.647022,0.162260,-0.102275
9754.4,right_pinky,0.776632,0.212233,-0.109961
9771,right_thumb,0.531785,0.517803,-0.058915
9771,right_index,0.519257,0.284136,-0.074469
9771,right_middle,0.576690,0.170367,-0.084763
9771,right_ring,0.646918,0.162232,-0.102332
9771,right_pinky,0.776577,0.212210,-0.110030
9787.6,right_thumb,0.531711,0.517802,-0.058735
9787.6,right_index,0.519294,0.284134,-0.074309
9787.6,right_middle,0.576682,0.170357,-0.084623
9787.6,right_ring,0.646865,0.162227,-0.102214
9787.6,right_pinky,0.776479,0.212134,-0.109917
9812.7,right_thumb,0.531703,0.517866,-0.058635
9812.7,right_index,0.519392,0.284034,-0.074311
9812.7,right_middle,0.576664,0.170267,-0.084660
9812.7,right_ring,0.646825,0.162259,-0.102239
9812.7,right_pinky,0.776359,0.212169,-0.109939
9829.3,right_thumb,0.531704,0.517917,-0.058631
9829.3,right_index,0.519459,0.283997,-0.074345
9829.3,right_middle,0.576611,0.170242,-0.084713
9829.3,right_ring,0.646753,0.162287,-0.102286
9829.3,right_pinky,0.776269,0.212160,-0.109981
9846.1,right_thumb,0.531654,0.517935,-0.058680
9846.1,right_index,0.519513,0.284000,-0.074418
9846.1,right_middle,0.576587,0.170237,-0.084772
9846.1,right_ring,0.646689,0.162309,-0.102322
9846.1,right_pinky,0.776134,0.212178,-0.110025
9871,right_thumb,0.531618,0.517889,-0.058672
9871,right_index,0.519585,0.283984,-0.074459
9871,right_middle,0.576556,0.170237,-0.084779
9871,right_ring,0.646625,0.162345,-0.102300
9871,right_pinky,0.775973,0.212187,-0.110029
9887.6,right_thumb,0.531611,0.517880,-0.058675
9887.6,right_index,0.519643,0.283986,-0.074481
9887.6,right_middle,0.576541,0.170221,-0.084769
9887.6,right_ring,0.646528,0.162395,-0.102265
9887.6,right_pinky,0.775878,0.212166,-0.109987
9904.3,right_thumb,0.531595,0.517879,-0.058671
9904.3,right_index,0.519711,0.283984,-0.074498
9904.3,right_middle,0.576539,0.170198,-0.084756
9904.3,right_ring,0.646436,0.162434,-0.102228
9904.3,right_pinky,0.775763,0.212130,-0.109944
9921,right_thumb,0.531581,0.517829,-0.058669
9921,right_index,0.519703,0.284027,-0.074503
9921,right_middle,0.576500,0.170216,-0.084753
9921,right_ring,0.646394,0.162457,-0.102217
9921,right_pinky,0.775659,0.212047,-0.109944
9937.7,right_thumb,0.531556,0.517844,-0.058682
9937.7,right_index,0.519686,0.284084,-0.074518
9937.7,right_middle,0.576459,0.170235,-0.084787
9937.7,right_ring,0.646387,0.162470,-0.102239
9937.7,right_pinky,0.775596,0.212073,-0.109965
9954.4,right_thumb,0.531570,0.517787,-0.058522
9954.4,right_index,0.519727,0.284056,-0.074371
9954.4,right_middle,0.576468,0.170225,-0.084657
9954.4,right_ring,0.646380,0.162446,-0.102151
9954.4,right_pinky,0.775612,0.212140,-0.109876
9970.1,right_thumb,0.531550,0.517767,-0.058390
9970.1,right_index,0.519792,0.284004,-0.074242
9970.1,right_middle,0.576482,0.170221,-0.084577
9970.1,right_ring,0.646374,0.162401,-0.102122
9970.1,right_pinky,0.775600,0.212163,-0.109851
9987.6,right_thumb,0.531496,0.517766,-0.058223
9987.6,right_index,0.519835,0.283985,-0.074140
9987.6,right_middle,0.576503,0.170215,-0.084484
9987.6,right_ring,0.646380,0.162404,-0.102055
9987.6,right_pinky,0.775606,0.212255,-0.109802
10012.6,right_thumb,0.531508,0.517638,-0.058030
10012.6,right_index,0.519959,0.283966,-0.074046
10012.6,right_middle,0.576582,0.170219,-0.084383
10012.6,right_ring,0.646375,0.162389,-0.101985
10012.6,right_pinky,0.775601,0.212195,-0.109752
10029.4,right_thumb,0.531487,0.517598,-0.057924
10029.4,right_index,0.520037,0.283968,-0.073991
10029.4,right_middle,0.576638,0.170227,-0.084334
10029.4,right_ring,0.646370,0.162373,-0.101955
10029.4,right_pinky,0.775600,0.212139,-0.109727
10046,right_thumb,0.531514,0.517584,-0.058063
10046,right_index,0.520097,0.283969,-0.074126
10046,right_middle,0.576651,0.170221,-0.084438
10046,right_ring,0.646394,0.162335,-0.102027
10046,right_pinky,0.775670,0.212108,-0.109796
10062.7,right_thumb,0.531534,0.517553,-0.058202
10062.7,right_index,0.520171,0.283966,-0.074276
10062.7,right_middle,0.576678,0.170219,-0.084566
10062.7,right_ring,0.646411,0.162291,-0.102125
10062.7,right_pinky,0.775727,0.212035,-0.109885
10079.2,right_thumb,0.531528,0.517590,-0.058219
10079.2,right_index,0.520188,0.283956,-0.074255
10079.2,right_middle,0.576725,0.170209,-0.084539
10079.2,right_ring,0.646453,0.162252,-0.102121
10079.2,right_pinky,0.775817,0.211991,-0.109875
10095.1,right_thumb,0.531521,0.517643,-0.058252
10095.1,right_index,0.520217,0.283936,-0.074268
10095.1,right_middle,0.576774,0.170206,-0.084546
10095.1,right_ring,0.646510,0.162216,-0.102149
10095.1,right_pinky,0.775871,0.211989,-0.109901
10121,right_thumb,0.531464,0.517668,-0.058337
10121,right_index,0.520265,0.283967,-0.074358
10121,right_middle,0.576870,0.170220,-0.084605
10121,right_ring,0.646571,0.162178,-0.102182
10121,right_pinky,0.775948,0.211904,-0.109911
10137.7,right_thumb,0.531425,0.517677,-0.058361
10137.7,right_index,0.520282,0.283973,-0.074381
10137.7,right_middle,0.576929,0.170225,-0.084610
10137.7,right_ring,0.646595,0.162154,-0.102188
10137.7,right_pinky,0.776008,0.211834,-0.109909
10153.5,right_thumb,0.531439,0.517659,-0.058354
10153.5,right_index,0.520319,0.283954,-0.074374
10153.5,right_middle,0.576978,0.170204,-0.084580
10153.5,right_ring,0.646590,0.162174,-0.102158
10153.5,right_pinky,0.776093,0.211728,-0.109867
10171,right_thumb,0.531471,0.517590,-0.058324
10171,right_index,0.520332,0.283920,-0.074354
10171,right_middle,0.577014,0.170195,-0.084543
10171,right_ring,0.646580,0.162187,-0.102132
10171,right_pinky,0.776190,0.211615,-0.109833
10195.9,right_thumb,0.531446,0.517479,-0.058260
10195.9,right_index,0.520305,0.283866,-0.074221
10195.9,right_middle,0.577067,0.170237,-0.084405
10195.9,right_ring,0.646569,0.162230,-0.102025
10195.9,right_pinky,0.776225,0.211454,-0.109732
10212.7,right_thumb,0.531430,0.517468,-0.058236
10212.7,right_index,0.520304,0.283863,-0.074187
10212.7,right_middle,0.577093,0.170226,-0.084362
10212.7,right_ring,0.646586,0.162260,-0.101988
10212.7,right_pinky,0.776276,0.211420,-0.109695
10229.4,right_thumb,0.531419,0.517421,-0.058200
10229.4,right_index,0.520281,0.283895,-0.074148
10229.4,right_middle,0.577123,0.170195,-0.084325
10229.4,right_ring,0.646590,0.162273,-0.101979
10229.4,right_pinky,0.776304,0.211401,-0.109690
10254.3,right_thumb,0.531412,0.517411,-0.057974
10254.3,right_index,0.520274,0.283900,-0.073926
10254.3,right_middle,0.577165,0.170189,-0.084154
10254.3,right_ring,0.646578,0.162267,-0.101874
10254.3,right_pinky,0.776259,0.211292,-0.109602
10271,right_thumb,0.531381,0.517492,-0.057906
10271,right_index,0.520291,0.283878,-0.073894
10271,right_middle,0.577186,0.170178,-0.084111
10271,right_ring,0.646566,0.162299,-0.101833
10271,right_pinky,0.776252,0.211192,-0.109568
10287.7,right_thumb,0.531359,0.517535,-0.057947
10287.7,right_index,0.520365,0.283870,-0.073897
10287.7,right_middle,0.577197,0.170239,-0.084100
10287.7,right_ring,0.646539,0.162366,-0.101802
10287.7,right_pinky,0.776171,0.211075,-0.109543
10304.3,right_thumb,0.531305,0.517606,-0.057914
10304.3,right_index,0.520379,0.283871,-0.073867
10304.3,right_middle,0.577159,0.170239,-0.084078
10304.3,right_ring,0.646518,0.162419,-0.101768
10304.3,right_pinky,0.776030,0.211064,-0.109536
10321,right_thumb,0.531313,0.517566,-0.057821
10321,right_index,0.520377,0.283886,-0.073723
10321,right_middle,0.577138,0.170264,-0.083963
10321,right_ring,0.646462,0.162492,-0.101667
10321,right_pinky,0.775892,0.211022,-0.109443
10337.7,right_thumb,0.531318,0.517519,-0.057798
10337.7,right_index,0.520381,0.283865,-0.073689
10337.7,right_middle,0.577112,0.170263,-0.083964
10337.7,right_ring,0.646470,0.162537,-0.101655
10337.7,right_pinky,0.775773,0.211083,-0.109431
10362.7,right_thumb,0.531323,0.517373,-0.057665
10362.7,right_index,0.520326,0.283855,-0.073532
10362.7,right_middle,0.577046,0.170312,-0.083840
10362.7,right_ring,0.646415,0.162653,-0.101529
10362.7,right_pinky,0.775639,0.211145,-0.109312
10379.4,right_thumb,0.531290,0.517353,-0.057480
10379.4,right_index,0.520322,0.283883,-0.073355
10379.4,right_middle,0.577016,0.170312,-0.083746
10379.4,right_ring,0.646390,0.162672,-0.101469
10379.4,right_pinky,0.775574,0.211155,-0.109266
10396,right_thumb,0.531283,0.517271,-0.057255
10396,right_index,0.520339,0.283883,-0.073182
10396,right_middle,0.576993,0.170311,-0.083664
10396,right_ring,0.646356,0.162694,-0.101424
10396,right_pinky,0.775496,0.211158,-0.109238
10412.6,right_thumb,0.531303,0.517167,-0.057208
10412.6,right_index,0.520389,0.283831,-0.073088
10412.6,right_middle,0.576978,0.170294,-0.083551
10412.6,right_ring,0.646298,0.162781,-0.101305
10412.6,right_pinky,0.775467,0.211124,-0.109118
10429.3,right_thumb,0.531318,0.517117,-0.057229
10429.3,right_index,0.520423,0.283802,-0.073118
10429.3,right_middle,0.576952,0.170271,-0.083586
10429.3,right_ring,0.646283,0.162846,-0.101329
10429.3,right_pinky,0.775438,0.211183,-0.109137
10446,right_thumb,0.531274,0.517145,-0.057086
10446,right_index,0.520476,0.283746,-0.073026
10446,right_middle,0.576959,0.170277,-0.083546
10446,right_ring,0.646270,0.162882,-0.101336
10446,right_pinky,0.775356,0.211191,-0.109183
10462.7,right_thumb,0.531226,0.517146,-0.056889
10462.7,right_index,0.520515,0.283704,-0.072864
10462.7,right_middle,0.576949,0.170306,-0.083428
10462.7,right_ring,0.646230,0.162924,-0.101280
10462.7,right_pinky,0.775278,0.211141,-0.109177
10487.5,right_thumb,0.531175,0.517086,-0.056773
10487.5,right_index,0.520623,0.283599,-0.072734
10487.5,right_middle,0.576922,0.170352,-0.083334
10487.5,right_ring,0.646163,0.163029,-0.101212
10487.5,right_pinky,0.775160,0.211217,-0.109128
10504.2,right_thumb,0.531092,0.517084,-0.056709
10504.2,right_index,0.520683,0.283578,-0.072667
10504.2,right_middle,0.576881,0.170388,-0.083280
10504.2,right_ring,0.646174,0.163056,-0.101150
10504.2,right_pinky,0.775091,0.211313,-0.109074
10521,right_thumb,0.531127,0.517108,-0.056719
10521,right_index,0.520729,0.283574,-0.072679
10521,right_middle,0.576828,0.170458,-0.083324
10521,right_ring,0.646103,0.163119,-0.101188
10521,right_pinky,0.774993,0.211380,-0.109111
10546.1,right_thumb,0.531063,0.517173,-0.056700
10546.1,right_index,0.520777,0.283597,-0.072672
10546.1,right_middle,0.576784,0.170502,-0.083293
10546.1,right_ring,0.646039,0.163230,-0.101118
10546.1,right_pinky,0.774921,0.211512,-0.109040
10562.8,right_thumb,0.531057,0.517153,-0.056724
10562.8,right_index,0.520794,0.283585,-0.072682
10562.8,right_middle,0.576753,0.170530,-0.083278
10562.8,right_ring,0.646007,0.163296,-0.101068
10562.8,right_pinky,0.774853,0.211586,-0.108983
10579.4,right_thumb,0.531077,0.517189,-0.056761
10579.4,right_index,0.520783,0.283602,-0.072663
10579.4,right_middle,0.576699,0.170593,-0.083235
10579.4,right_ring,0.645950,0.163358,-0.101007
10579.4,right_pinky,0.774792,0.211573,-0.108908
10596,right_thumb,0.531091,0.517254,-0.056773
10596,right_index,0.520768,0.283650,-0.072675
10596,right_middle,0.576639,0.170649,-0.083249
10596,right_ring,0.645936,0.163383,-0.101015
10596,right_pinky,0.774734,0.211597,-0.108910
10620.7,right_thumb,0.531077,0.517248,-0.056801
10620.7,right_index,0.520787,0.283732,-0.072731
10620.7,right_middle,0.576622,0.170701,-0.083324
10620.7,right_ring,0.645856,0.163447,-0.101062
10620.7,right_pinky,0.774502,0.211650,-0.108978
10637.6,right_thumb,0.531065,0.517318,-0.056775
10637.6,right_index,0.520762,0.283865,-0.072743
10637.6,right_middle,0.576578,0.170771,-0.083346
10637.6,right_ring,0.645807,0.163477,-0.101092
10637.6,right_pinky,0.774404,0.211695,-0.109021
10654.3,right_thumb,0.531039,0.517511,-0.056842
10654.3,right_index,0.520800,0.283943,-0.072783
10654.3,right_middle,0.576548,0.170820,-0.083354
10654.3,right_ring,0.645744,0.163521,-0.101072
10654.3,right_pinky,0.774318,0.211698,-0.108998
10671,right_thumb,0.531006,0.517628,-0.056843
10671,right_index,0.520727,0.284094,-0.072744
10671,right_middle,0.576496,0.170934,-0.083298
10671,right_ring,0.645626,0.163618,-0.101024
10671,right_pinky,0.774188,0.211733,-0.108967
10687.7,right_thumb,0.530967,0.517800,-0.056848
10687.7,right_index,0.520664,0.284223,-0.072719
10687.7,right_middle,0.576440,0.171031,-0.083259
10687.7,right_ring,0.645503,0.163713,-0.100993
10687.7,right_pinky,0.774044,0.211751,-0.108944
10704.3,right_thumb,0.530918,0.517928,-0.056833
10704.3,right_index,0.520617,0.284334,-0.072688
10704.3,right_middle,0.576379,0.171119,-0.083231
10704.3,right_ring,0.645380,0.163797,-0.100980
10704.3,right_pinky,0.773903,0.211787,-0.108945
10721,right_thumb,0.530848,0.518132,-0.056807
10721,right_index,0.520559,0.284489,-0.072641
10721,right_middle,0.576297,0.171185,-0.083186
10721,right_ring,0.645266,0.163863,-0.100953
10721,right_pinky,0.773787,0.211777,-0.108923
10737.3,right_thumb,0.530748,0.518326,-0.056849
10737.3,right_index,0.520516,0.284556,-0.072695
10737.3,right_middle,0.576199,0.171252,-0.083234
10737.3,right_ring,0.645168,0.163910,-0.100992
10737.3,right_pinky,0.773653,0.211772,-0.108972
10762.7,right_thumb,0.530639,0.518521,-0.056872
10762.7,right_index,0.520436,0.284761,-0.072737
10762.7,right_middle,0.576078,0.171366,-0.083274
10762.7,right_ring,0.645016,0.163979,-0.101005
10762.7,right_pinky,0.773529,0.211793,-0.108968
10779,right_thumb,0.530625,0.518621,-0.056868
10779,right_index,0.520377,0.284883,-0.072764
10779,right_middle,0.576042,0.171437,-0.083284
10779,right_ring,0.644911,0.164059,-0.101013
10779,right_pinky,0.773470,0.211821,-0.108969
10796,right_thumb,0.530554,0.518691,-0.056937
10796,right_index,0.520358,0.284932,-0.072862
10796,right_middle,0.575954,0.171458,-0.083363
10796,right_ring,0.644774,0.164107,-0.101077
10796,right_pinky,0.773364,0.211898,-0.109024
10812.6,right_thumb,0.530517,0.518688,-0.056951
10812.6,right_index,0.520332,0.285039,-0.072882
10812.6,right_middle,0.575857,0.171491,-0.083390
10812.6,right_ring,0.644651,0.164166,-0.101102
10812.6,right_pinky,0.773194,0.211940,-0.109037
10829.3,right_thumb,0.530498,0.518626,-0.056946
10829.3,right_index,0.520322,0.285146,-0.072889
10829.3,right_middle,0.575796,0.171511,-0.083396
10829.3,right_ring,0.644547,0.164222,-0.101104
10829.3,right_pinky,0.773030,0.211946,-0.109032
10845.3,right_thumb,0.530490,0.518581,-0.056887
10845.3,right_index,0.520303,0.285221,-0.072852
10845.3,right_middle,0.575756,0.171508,-0.083349
10845.3,right_ring,0.644526,0.164231,-0.101060
10845.3,right_pinky,0.772892,0.212046,-0.108998
10862.3,right_thumb,0.530489,0.518563,-0.056833
10862.3,right_index,0.520286,0.285335,-0.072814
10862.3,right_middle,0.575751,0.171509,-0.083281
10862.3,right_ring,0.644495,0.164259,-0.101009
10862.3,right_pinky,0.772782,0.212143,-0.108976
10887.5,right_thumb,0.530451,0.518406,-0.056978
10887.5,right_index,0.520266,0.285449,-0.072895
10887.5,right_middle,0.575707,0.171531,-0.083287
10887.5,right_ring,0.644370,0.164287,-0.100990
10887.5,right_pinky,0.772544,0.212152,-0.108991
10904.4,right_thumb,0.530409,0.518358,-0.057036
10904.4,right_index,0.520269,0.285516,-0.072905
10904.4,right_middle,0.575654,0.171558,-0.083258
10904.4,right_ring,0.644292,0.164324,-0.100933
10904.4,right_pinky,0.772394,0.212143,-0.108935
10921,right_thumb,0.530365,0.518370,-0.057013
10921,right_index,0.520243,0.285592,-0.072887
10921,right_middle,0.575555,0.171564,-0.083216
10921,right_ring,0.644226,0.164326,-0.100878
10921,right_pinky,0.772325,0.212102,-0.108880
10937.7,right_thumb,0.530314,0.518412,-0.056977
10937.7,right_index,0.520211,0.285659,-0.072882
10937.7,right_middle,0.575475,0.171551,-0.083213
10937.7,right_ring,0.644196,0.164322,-0.100862
10937.7,right_pinky,0.772252,0.212072,-0.108849
10954.3,right_thumb,0.530314,0.518534,-0.057034
10954.3,right_index,0.520128,0.285698,-0.072939
10954.3,right_middle,0.575386,0.171544,-0.083274
10954.3,right_ring,0.644146,0.164320,-0.100909
10954.3,right_pinky,0.772212,0.212140,-0.108893
10971,right_thumb,0.530323,0.518697,-0.057147
10971,right_index,0.520074,0.285786,-0.073060
10971,right_middle,0.575329,0.171547,-0.083406
10971,right_ring,0.644078,0.164328,-0.101026
10971,right_pinky,0.772185,0.212177,-0.108988
10987.7,right_thumb,0.530284,0.518904,-0.057237
10987.7,right_index,0.520078,0.285888,-0.073152
10987.7,right_middle,0.575305,0.171573,-0.083500
10987.7,right_ring,0.644014,0.164319,-0.101129
10987.7,right_pinky,0.772147,0.212204,-0.109098
11004.4,right_thumb,0.530252,0.518931,-0.057321
11004.4,right_index,0.520063,0.285963,-0.073256
11004.4,right_middle,0.575241,0.171576,-0.083585
11004.4,right_ring,0.643976,0.164308,-0.101188
11004.4,right_pinky,0.772136,0.212273,-0.109158
11021,right_thumb,0.530234,0.518892,-0.057242
11021,right_index,0.520047,0.286085,-0.073206
11021,right_middle,0.575198,0.171613,-0.083532
11021,right_ring,0.643909,0.164328,-0.101133
11021,right_pinky,0.772080,0.212286,-0.109107
11037.6,right_thumb,0.530179,0.518924,-0.057103
11037.6,right_index,0.520037,0.286198,-0.073115
11037.6,right_middle,0.575155,0.171637,-0.083432
11037.6,right_ring,0.643823,0.164360,-0.101059
11037.6,right_pinky,0.772006,0.212302,-0.109057
11054.4,right_thumb,0.530139,0.518957,-0.057128
11054.4,right_index,0.520042,0.286375,-0.073172
11054.4,right_middle,0.575136,0.171659,-0.083430
11054.4,right_ring,0.643829,0.164441,-0.101034
11054.4,right_pinky,0.771939,0.212329,-0.109036
11078.9,right_thumb,0.530060,0.519012,-0.057083
11078.9,right_index,0.520022,0.286522,-0.073228
11078.9,right_middle,0.575020,0.171620,-0.083488
11078.9,right_ring,0.643769,0.164455,-0.101075
11078.9,right_pinky,0.771815,0.212427,-0.109087
11096.1,right_thumb,0.530064,0.518922,-0.057051
11096.1,right_index,0.520069,0.286616,-0.073235
11096.1,right_middle,0.575015,0.171603,-0.083508
11096.1,right_ring,0.643760,0.164460,-0.101057
11096.1,right_pinky,0.771765,0.212478,-0.109066
11112.6,right_thumb,0.530050,0.518923,-0.057049
11112.6,right_index,0.520009,0.286724,-0.073224
11112.6,right_middle,0.574973,0.171672,-0.083477
11112.6,right_ring,0.643657,0.164571,-0.101024
11112.6,right_pinky,0.771659,0.212449,-0.109034
11129.4,right_thumb,0.530052,0.519039,-0.057153
11129.4,right_index,0.519985,0.286789,-0.073331
11129.4,right_middle,0.574874,0.171706,-0.083563
11129.4,right_ring,0.643579,0.164611,-0.101073
11129.4,right_pinky,0.771510,0.212427,-0.109082
11145.4,right_thumb,0.530033,0.519155,-0.057174
11145.4,right_index,0.519940,0.286850,-0.073345
11145.4,right_middle,0.574773,0.171734,-0.083596
11145.4,right_ring,0.643517,0.164618,-0.101113
11145.4,right_pinky,0.771355,0.212479,-0.109128
11162.7,right_thumb,0.530014,0.519183,-0.057138
11162.7,right_index,0.519892,0.286917,-0.073307
11162.7,right_middle,0.574700,0.171739,-0.083572
11162.7,right_ring,0.643475,0.164605,-0.101102
11162.7,right_pinky,0.771219,0.212507,-0.109105
11179.4,right_thumb,0.529977,0.519186,-0.057104
11179.4,right_index,0.519869,0.287026,-0.073351
11179.4,right_middle,0.574630,0.171778,-0.083632
11179.4,right_ring,0.643417,0.164615,-0.101155
11179.4,right_pinky,0.771052,0.212496,-0.109176
11195.8,right_thumb,0.529950,0.519188,-0.057079
11195.8,right_index,0.519836,0.287104,-0.073412
11195.8,right_middle,0.574520,0.171845,-0.083706
11195.8,right_ring,0.643371,0.164608,-0.101225
11195.8,right_pinky,0.770906,0.212534,-0.109272
11212.7,right_thumb,0.529944,0.519213,-0.057034
11212.7,right_index,0.519842,0.287262,-0.073397
11212.7,right_middle,0.574452,0.171932,-0.083697
11212.7,right_ring,0.643333,0.164651,-0.101206
11212.7,right_pinky,0.770767,0.212604,-0.109252
11229.4,right_thumb,0.529949,0.519248,-0.056967
11229.4,right_index,0.519837,0.287435,-0.073356
11229.4,right_middle,0.574399,0.172038,-0.083638
11229.4,right_ring,0.643228,0.164771,-0.101147
11229.4,right_pinky,0.770682,0.212674,-0.109197
11254.3,right_thumb,0.529939,0.519255,-0.057062
11254.3,right_index,0.519833,0.287445,-0.073414
11254.3,right_middle,0.574320,0.172104,-0.083655
11254.3,right_ring,0.643054,0.164828,-0.101145
11254.3,right_pinky,0.770542,0.212801,-0.109195
11271,right_thumb,0.529947,0.519343,-0.057127
11271,right_index,0.519853,0.287484,-0.073499
11271,right_middle,0.574261,0.172153,-0.083731
11271,right_ring,0.643001,0.164815,-0.101199
11271,right_pinky,0.770444,0.212829,-0.109241
11287.7,right_thumb,0.529928,0.519395,-0.057088
11287.7,right_index,0.519836,0.287547,-0.073465
11287.7,right_middle,0.574230,0.172209,-0.083684
11287.7,right_ring,0.642961,0.164820,-0.101141
11287.7,right_pinky,0.770354,0.212888,-0.109184
11304.2,right_thumb,0.529899,0.519408,-0.057039
11304.2,right_index,0.519817,0.287623,-0.073423
11304.2,right_middle,0.574197,0.172262,-0.083632
11304.2,right_ring,0.642901,0.164842,-0.101085
11304.2,right_pinky,0.770279,0.212941,-0.109132
11321.1,right_thumb,0.529932,0.519533,-0.057013
11321.1,right_index,0.519822,0.287674,-0.073446
11321.1,right_middle,0.574131,0.172333,-0.083675
11321.1,right_ring,0.642811,0.164888,-0.101149
11321.1,right_pinky,0.770201,0.212968,-0.109217
11337.6,right_thumb,0.529967,0.519646,-0.057003
11337.6,right_index,0.519809,0.287725,-0.073476
11337.6,right_middle,0.574083,0.172397,-0.083711
11337.6,right_ring,0.642731,0.164918,-0.101196
11337.6,right_pinky,0.770142,0.212989,-0.109281
11354.4,right_thumb,0.529967,0.519731,-0.057057
11354.4,right_index,0.519769,0.287726,-0.073504
11354.4,right_middle,0.574068,0.172435,-0.083712
11354.4,right_ring,0.642718,0.164945,-0.101163
11354.4,right_pinky,0.770110,0.212988,-0.109232
11371.1,right_thumb,0.529954,0.519787,-0.057062
11371.1,right_index,0.519738,0.287688,-0.073489
11371.1,right_middle,0.574065,0.172497,-0.083680
11371.1,right_ring,0.642696,0.164995,-0.101102
11371.1,right_pinky,0.770114,0.212970,-0.109152
11387.6,right_thumb,0.529952,0.519787,-0.057106
11387.6,right_index,0.519621,0.287740,-0.073516
11387.6,right_middle,0.574057,0.172540,-0.083699
11387.6,right_ring,0.642735,0.164970,-0.101143
11387.6,right_pinky,0.770166,0.213106,-0.109198
11412.7,right_thumb,0.529950,0.519834,-0.057187
11412.7,right_index,0.519464,0.288008,-0.073585
11412.7,right_middle,0.574057,0.172523,-0.083719
11412.7,right_ring,0.642780,0.164945,-0.101138
11412.7,right_pinky,0.770227,0.213061,-0.109157
11428.7,right_thumb,0.529943,0.519844,-0.057164
11428.7,right_index,0.519354,0.288157,-0.073552
11428.7,right_middle,0.574043,0.172533,-0.083645
11428.7,right_ring,0.642786,0.164937,-0.101058
11428.7,right_pinky,0.770278,0.213067,-0.109059
11446,right_thumb,0.529919,0.519812,-0.057140
11446,right_index,0.519181,0.288260,-0.073517
11446,right_middle,0.574048,0.172543,-0.083584
11446,right_ring,0.642776,0.164905,-0.101009
11446,right_pinky,0.770289,0.213091,-0.108997
11462.7,right_thumb,0.529933,0.519888,-0.057178
11462.7,right_index,0.519032,0.288412,-0.073539
11462.7,right_middle,0.574049,0.172556,-0.083573
11462.7,right_ring,0.642797,0.164858,-0.100991
11462.7,right_pinky,0.770303,0.213079,-0.108962
11479.4,right_thumb,0.529961,0.519926,-0.057336
11479.4,right_index,0.518924,0.288526,-0.073676
11479.4,right_middle,0.574009,0.172607,-0.083653
11479.4,right_ring,0.642789,0.164858,-0.101036
11479.4,right_pinky,0.770280,0.213077,-0.109017
11496,right_thumb,0.529955,0.519919,-0.057432
11496,right_index,0.518796,0.288595,-0.073736
11496,right_middle,0.573975,0.172686,-0.083675
11496,right_ring,0.642735,0.164916,-0.101042
11496,right_pinky,0.770275,0.213078,-0.109036
11512.6,right_thumb,0.529953,0.519949,-0.057547
11512.6,right_index,0.518714,0.288607,-0.073814
11512.6,right_middle,0.573954,0.172721,-0.083735
11512.6,right_ring,0.642674,0.164933,-0.101098
11512.6,right_pinky,0.770239,0.213119,-0.109088
11529.4,right_thumb,0.529945,0.519975,-0.057652
11529.4,right_index,0.518652,0.288626,-0.073882
11529.4,right_middle,0.573942,0.172761,-0.083785
11529.4,right_ring,0.642619,0.164966,-0.101155
11529.4,right_pinky,0.770178,0.213174,-0.109140
11554.4,right_thumb,0.529927,0.519974,-0.057711
11554.4,right_index,0.518778,0.288494,-0.073925
11554.4,right_middle,0.573906,0.172775,-0.083839
11554.4,right_ring,0.642520,0.165054,-0.101198
11554.4,right_pinky,0.770074,0.213238,-0.109192
11571,right_thumb,0.529929,0.519992,-0.057802
11571,right_index,0.518848,0.288395,-0.073984
11571,right_middle,0.573874,0.172778,-0.083897
11571,right_ring,0.642446,0.165088,-0.101241
11571,right_pinky,0.770040,0.213270,-0.109237
11587.7,right_thumb,0.529956,0.519995,-0.057882
11587.7,right_index,0.518971,0.288264,-0.074050
11587.7,right_middle,0.573896,0.172764,-0.083930
11587.7,right_ring,0.642444,0.165088,-0.101235
11587.7,right_pinky,0.770070,0.213292,-0.109215
11612.7,right_thumb,0.530004,0.519994,-0.058020
11612.7,right_index,0.519135,0.288074,-0.074206
11612.7,right_middle,0.573936,0.172742,-0.084018
11612.7,right_ring,0.642448,0.165114,-0.101254
11612.7,right_pinky,0.770106,0.213344,-0.109214
11629.3,right_thumb,0.530055,0.519985,-0.058118
11629.3,right_index,0.519162,0.287892,-0.074275
11629.3,right_middle,0.573950,0.172694,-0.084087
11629.3,right_ring,0.642446,0.165091,-0.101295
11629.3,right_pinky,0.770094,0.213407,-0.109240
11646,right_thumb,0.530067,0.519947,-0.058092
11646,right_index,0.519302,0.287758,-0.074279
11646,right_middle,0.574011,0.172645,-0.084136
11646,right_ring,0.642469,0.165088,-0.101347
11646,right_pinky,0.770094,0.213406,-0.109293
11662.6,right_thumb,0.530101,0.519970,-0.058185
11662.6,right_index,0.519371,0.287632,-0.074374
11662.6,right_middle,0.574074,0.172611,-0.084222
11662.6,right_ring,0.642497,0.165102,-0.101420
11662.6,right_pinky,0.770135,0.213437,-0.109363
11679.3,right_thumb,0.530142,0.519952,-0.058265
11679.3,right_index,0.519394,0.287538,-0.074427
11679.3,right_middle,0.574133,0.172617,-0.084249
11679.3,right_ring,0.642534,0.165137,-0.101433
11679.3,right_pinky,0.770166,0.213448,-0.109379
11704.3,right_thumb,0.530168,0.519953,-0.058357
11704.3,right_index,0.519475,0.287347,-0.074565
11704.3,right_middle,0.574164,0.172559,-0.084371
11704.3,right_ring,0.642540,0.165133,-0.101519
11704.3,right_pinky,0.770156,0.213455,-0.109467
11721,right_thumb,0.530193,0.519839,-0.058441
11721,right_index,0.519469,0.287267,-0.074639
11721,right_middle,0.574179,0.172522,-0.084437
11721,right_ring,0.642622,0.165028,-0.101556
11721,right_pinky,0.770154,0.213454,-0.109502
11737.1,right_thumb,0.530243,0.519764,-0.058453
11737.1,right_index,0.519537,0.287209,-0.074631
11737.1,right_middle,0.574220,0.172517,-0.084452
11737.1,right_ring,0.642669,0.164986,-0.101573
11737.1,right_pinky,0.770155,0.213469,-0.109513
11754.4,right_thumb,0.530307,0.519726,-0.058634
11754.4,right_index,0.519579,0.287143,-0.074737
11754.4,right_middle,0.574298,0.172509,-0.084522
11754.4,right_ring,0.642729,0.165020,-0.101601
11754.4,right_pinky,0.770167,0.213462,-0.109535
11778.5,right_thumb,0.530388,0.519762,-0.058930
11778.5,right_index,0.519646,0.287050,-0.074997
11778.5,right_middle,0.574318,0.172458,-0.084729
11778.5,right_ring,0.642778,0.165021,-0.101716
11778.5,right_pinky,0.770188,0.213457,-0.109611
11796,right_thumb,0.530492,0.519628,-0.058970
11796,right_index,0.519706,0.286994,-0.075025
11796,right_middle,0.574366,0.172414,-0.084728
11796,right_ring,0.642869,0.164948,-0.101681
11796,right_pinky,0.770209,0.213476,-0.109575
11812.1,right_thumb,0.530521,0.519598,-0.058989
11812.1,right_index,0.519745,0.286957,-0.075002
11812.1,right_middle,0.574456,0.172408,-0.084683
11812.1,right_ring,0.642941,0.164954,-0.101629
11812.1,right_pinky,0.770256,0.213491,-0.109530
11837.5,right_thumb,0.530530,0.519651,-0.058994
11837.5,right_index,0.519800,0.286888,-0.074946
11837.5,right_middle,0.574609,0.172415,-0.084604
11837.5,right_ring,0.643094,0.164955,-0.101571
11837.5,right_pinky,0.770328,0.213535,-0.109506
11853.7,right_thumb,0.530605,0.519648,-0.058908
11853.7,right_index,0.519860,0.286813,-0.074897
11853.7,right_middle,0.574648,0.172386,-0.084571
11853.7,right_ring,0.643168,0.164950,-0.101546
11853.7,right_pinky,0.770418,0.213526,-0.109485
11870.3,right_thumb,0.530626,0.519647,-0.058817
11870.3,right_index,0.519934,0.286766,-0.074816
11870.3,right_middle,0.574750,0.172370,-0.084490
11870.3,right_ring,0.643286,0.164956,-0.101475
11870.3,right_pinky,0.770504,0.213502,-0.109422
11887.7,right_thumb,0.530681,0.519597,-0.058849
11887.7,right_index,0.520027,0.286691,-0.074839
11887.7,right_middle,0.574818,0.172390,-0.084499
11887.7,right_ring,0.643360,0.164965,-0.101472
11887.7,right_pinky,0.770536,0.213570,-0.109419
11912.7,right_thumb,0.530698,0.519582,-0.058811
11912.7,right_index,0.520181,0.286721,-0.074814
11912.7,right_middle,0.574989,0.172420,-0.084475
11912.7,right_ring,0.643498,0.165017,-0.101441
11912.7,right_pinky,0.770615,0.213551,-0.109386
11921,right_thumb,0.530723,0.519501,-0.058787
11921,right_index,0.520268,0.286705,-0.074795
11921,right_middle,0.575056,0.172435,-0.084465
11921,right_ring,0.643558,0.165056,-0.101435
11921,right_pinky,0.770643,0.213538,-0.109388
11946,right_thumb,0.530817,0.519328,-0.058764
11946,right_index,0.520463,0.286604,-0.074834
11946,right_middle,0.575228,0.172459,-0.084514
11946,right_ring,0.643729,0.165161,-0.101461
11946,right_pinky,0.770710,0.213505,-0.109431
11962,right_thumb,0.530894,0.519272,-0.058680
11962,right_index,0.520635,0.286518,-0.074784
11962,right_middle,0.575346,0.172482,-0.084496
11962,right_ring,0.643826,0.165163,-0.101457
11962,right_pinky,0.770771,0.213543,-0.109422
11979.4,right_thumb,0.530993,0.519217,-0.058746
11979.4,right_index,0.520835,0.286491,-0.074901
11979.4,right_middle,0.575494,0.172519,-0.084628
11979.4,right_ring,0.644028,0.165157,-0.101596
11979.4,right_pinky,0.770894,0.213588,-0.109574
11995.5,right_thumb,0.531077,0.519180,-0.058824
11995.5,right_index,0.521019,0.286502,-0.075027
11995.5,right_middle,0.575660,0.172541,-0.084757
11995.5,right_ring,0.644223,0.165175,-0.101728
11995.5,right_pinky,0.771007,0.213632,-0.109713
12021,right_thumb,0.531187,0.519207,-0.058862
12021,right_index,0.521354,0.286503,-0.075126
12021,right_middle,0.575902,0.172635,-0.084872
12021,right_ring,0.644312,0.165344,-0.101861
12021,right_pinky,0.771077,0.213682,-0.109878
12037.7,right_thumb,0.531269,0.519170,-0.058843
12037.7,right_index,0.521492,0.286453,-0.075178
12037.7,right_middle,0.575988,0.172685,-0.084979
12037.7,right_ring,0.644371,0.165420,-0.101982
12037.7,right_pinky,0.771120,0.213680,-0.110018
12054.4,right_thumb,0.531287,0.519197,-0.058702
12054.4,right_index,0.521582,0.286535,-0.075054
12054.4,right_middle,0.576022,0.172764,-0.084909
12054.4,right_ring,0.644419,0.165482,-0.101965
12054.4,right_pinky,0.771106,0.213708,-0.110029
12070.3,right_thumb,0.531326,0.519199,-0.058541
12070.3,right_index,0.521670,0.286545,-0.074918
12070.3,right_middle,0.576021,0.172824,-0.084829
12070.3,right_ring,0.644470,0.165539,-0.101928
12070.3,right_pinky,0.771110,0.213751,-0.110004
12096,right_thumb,0.531304,0.519132,-0.058370
12096,right_index,0.521717,0.286615,-0.074740
12096,right_middle,0.576011,0.172899,-0.084684
12096,right_ring,0.644458,0.165594,-0.101838
12096,right_pinky,0.770980,0.213953,-0.109936
12112.3,right_thumb,0.531357,0.519071,-0.058383
12112.3,right_index,0.521719,0.286627,-0.074705
12112.3,right_middle,0.575967,0.172949,-0.084656
12112.3,right_ring,0.644456,0.165579,-0.101810
12112.3,right_pinky,0.770880,0.214007,-0.109906
12129.3,right_thumb,0.531429,0.518978,-0.058360
12129.3,right_index,0.521752,0.286669,-0.074648
12129.3,right_middle,0.575967,0.172994,-0.084593
12129.3,right_ring,0.644480,0.165562,-0.101753
12129.3,right_pinky,0.770781,0.214102,-0.109854
12146,right_thumb,0.531458,0.518936,-0.058246
12146,right_index,0.521821,0.286665,-0.074550
12146,right_middle,0.575957,0.173029,-0.084528
12146,right_ring,0.644504,0.165585,-0.101705
12146,right_pinky,0.770675,0.214119,-0.109820
12162.7,right_thumb,0.531491,0.518884,-0.058249
12162.7,right_index,0.521810,0.286630,-0.074549
12162.7,right_middle,0.575893,0.173054,-0.084537
12162.7,right_ring,0.644502,0.165583,-0.101697
12162.7,right_pinky,0.770576,0.214103,-0.109812
12179.3,right_thumb,0.531453,0.518791,-0.058186
12179.3,right_index,0.521818,0.286599,-0.074478
12179.3,right_middle,0.575889,0.173017,-0.084480
12179.3,right_ring,0.644511,0.165548,-0.101649
12179.3,right_pinky,0.770457,0.214155,-0.109758
12203.7,right_thumb,0.531409,0.518735,-0.058026
12203.7,right_index,0.521911,0.286576,-0.074349
12203.7,right_middle,0.575933,0.173026,-0.084402
12203.7,right_ring,0.644541,0.165596,-0.101593
12203.7,right_pinky,0.770310,0.214244,-0.109693
12220.9,right_thumb,0.531408,0.518684,-0.058029
12220.9,right_index,0.521946,0.286560,-0.074298
12220.9,right_middle,0.575942,0.173040,-0.084329
12220.9,right_ring,0.644599,0.165655,-0.101512
12220.9,right_pinky,0.770280,0.214315,-0.109615